{"resourceId":1,"properties":{"process_id":"ReviewandApprove","name":"Review and Approve","documentation":"A process that is used to review and approve a contract document.","process_author":"","process_version":"","process_namespace":"http://www.activiti.org/processdef","executionlisteners":"","eventlisteners":"","signaldefinitions":"","messagedefinitions":"","executionvariables":"","metadata":""},"stencil":{"id":"BPMNDiagram"},"childShapes":[{"resourceId":"startEvent1","properties":{"overrideid":"","name":"","documentation":"","executionlisteners":"","initiator":"","formkeydefinition":"","formreference":{"id":1001,"name":"Start Form","referenceId":1},"fieldstovariables":"","formproperties":""},"stencil":{"id":"StartNoneEvent"},"childShapes":[],"outgoing":[{"resourceId":"sid-2CFB0C32-1ACB-442F-8DA2-346BADFBD065"}],"bounds":{"lowerRight":{"x":130,"y":187.5},"upperLeft":{"x":100,"y":157.5}},"dockers":[]},{"resourceId":"sid-3BFA2E15-445A-4325-A061-0C8C5D224323","properties":{"overrideid":"","name":"Set Contract Metadata. Approve or Reject Contract Document.","documentation":"","asynchronousdefinition":"false","exclusivedefinition":"false","executionlisteners":"","multiinstance_type":"None","multiinstance_cardinality":"","multiinstance_collection":"","multiinstance_variable":"","multiinstance_condition":"","isforcompensation":"false","usertasksendemail":true,"usertaskassignment":"","formkeydefinition":"","formreference":{"id":2,"name":"Approve Contract Document","referenceId":1},"fieldstovariables":"","duedatedefinition":"","prioritydefinition":"","categorydefinition":"","formproperties":"","tasklisteners":"","emailtemplate":""},"stencil":{"id":"UserTask"},"childShapes":[],"outgoing":[{"resourceId":"sid-57CC7D6E-B492-4628-AFB9-5C534A084EDA"}],"bounds":{"lowerRight":{"x":315,"y":217},"upperLeft":{"x":189,"y":128}},"dockers":[]},{"resourceId":"sid-762F8377-970D-43D1-9C09-BB9437851F55","properties":{"overrideid":"","name":"Apply The Contract Type to the Document in ACS, including associated properties","documentation":"","asynchronousdefinition":"false","exclusivedefinition":"false","executionlisteners":"","multiinstance_type":"None","multiinstance_cardinality":"","multiinstance_collection":"","multiinstance_variable":"","multiinstance_condition":"","isforcompensation":"false","servicetaskclass":"","servicetaskexpression":"","servicetaskdelegateexpression":"${setContractTypeJavaDelegate}","servicetaskfields":{"fields":[{"name":"alfrescoRepoId","implementation":"1","stringValue":"1","expression":"","string":"","$$hashKey":"uiGrid-000L"},{"name":"contractId","implementation":"${contractid}","stringValue":"","expression":"${contractid}","string":"","$$hashKey":"uiGrid-000T"},{"name":"contractName","implementation":"${contractname}","stringValue":"","expression":"${contractname}","string":"","$$hashKey":"uiGrid-000Z"},{"name":"securityClassification","implementation":"${securityclassification}","stringValue":"","expression":"${securityclassification}","string":"","$$hashKey":"uiGrid-0015"}]},"servicetaskresultvariable":"","executionvariables":""},"stencil":{"id":"ServiceTask"},"childShapes":[],"outgoing":[{"resourceId":"sid-5F8C88D8-F7AF-4061-980E-2AD0AAD79BAD"}],"bounds":{"lowerRight":{"x":724,"y":215.5},"upperLeft":{"x":495,"y":129.5}},"dockers":[]},{"resourceId":"sid-907BC573-AD62-42B1-A446-886F254FC53B","properties":{"overrideid":"","name":"","documentation":"","asynchronousdefinition":"false","exclusivedefinition":"false","sequencefloworder":""},"stencil":{"id":"ExclusiveGateway"},"childShapes":[],"outgoing":[{"resourceId":"sid-025F3633-D251-4C93-B8C9-59B23BA81726"},{"resourceId":"sid-DAB009BC-9F6D-45C3-A55F-8CB476A6D985"}],"bounds":{"lowerRight":{"x":400,"y":192.5},"upperLeft":{"x":360,"y":152.5}},"dockers":[]},{"resourceId":"sid-57CC7D6E-B492-4628-AFB9-5C534A084EDA","properties":{"overrideid":"","name":"","documentation":"","conditionsequenceflow":"","executionlisteners":"","defaultflow":"false"},"stencil":{"id":"SequenceFlow"},"childShapes":[],"outgoing":[{"resourceId":"sid-907BC573-AD62-42B1-A446-886F254FC53B"}],"bounds":{"lowerRight":{"x":360,"y":172.5},"upperLeft":{"x":316,"y":172.5}},"dockers":[{"x":63,"y":44.5},{"x":20,"y":20}],"target":{"resourceId":"sid-907BC573-AD62-42B1-A446-886F254FC53B"}},{"resourceId":"sid-2C232784-A32B-4F4D-8D84-02FA68FB3B8D","properties":{"overrideid":"","name":"","documentation":"","executionlisteners":""},"stencil":{"id":"EndNoneEvent"},"childShapes":[],"outgoing":[],"bounds":{"lowerRight":{"x":823,"y":186.5},"upperLeft":{"x":795,"y":158.5}},"dockers":[]},{"resourceId":"sid-5F8C88D8-F7AF-4061-980E-2AD0AAD79BAD","properties":{"overrideid":"","name":"","documentation":"","conditionsequenceflow":"","executionlisteners":"","defaultflow":"false"},"stencil":{"id":"SequenceFlow"},"childShapes":[],"outgoing":[{"resourceId":"sid-2C232784-A32B-4F4D-8D84-02FA68FB3B8D"}],"bounds":{"lowerRight":{"x":794.751953125,"y":172.5},"upperLeft":{"x":724.27734375,"y":172.5}},"dockers":[{"x":114.5,"y":43},{"x":14,"y":14}],"target":{"resourceId":"sid-2C232784-A32B-4F4D-8D84-02FA68FB3B8D"}},{"resourceId":"sid-DAB009BC-9F6D-45C3-A55F-8CB476A6D985","properties":{"overrideid":"","name":"Rejected","documentation":"","conditionsequenceflow":{"expression":{"type":"variables","outcomeFormId":2,"outcomeFormName":"Approve Contract Document","operator":"==","rightOutcomeFormId":2,"rightOutcomeFormName":"Approve Contract Document","rightOutcomeName":"Reject"}},"executionlisteners":"","defaultflow":"false"},"stencil":{"id":"SequenceFlow"},"childShapes":[],"outgoing":[{"resourceId":"sid-2C232784-A32B-4F4D-8D84-02FA68FB3B8D"}],"bounds":{"lowerRight":{"x":809,"y":251},"upperLeft":{"x":380.5,"y":186.9921875}},"dockers":[{"x":20.5,"y":20.5},{"x":380.5,"y":251},{"x":809,"y":251},{"x":14,"y":14}],"target":{"resourceId":"sid-2C232784-A32B-4F4D-8D84-02FA68FB3B8D"}},{"resourceId":"sid-025F3633-D251-4C93-B8C9-59B23BA81726","properties":{"overrideid":"","name":"Approved","documentation":"","conditionsequenceflow":{"expression":{"type":"variables","outcomeFormId":2,"outcomeFormName":"Approve Contract Document","operator":"==","rightOutcomeFormId":2,"rightOutcomeFormName":"Approve Contract Document","rightOutcomeName":"Approve"}},"executionlisteners":"","defaultflow":"false"},"stencil":{"id":"SequenceFlow"},"childShapes":[],"outgoing":[{"resourceId":"sid-762F8377-970D-43D1-9C09-BB9437851F55"}],"bounds":{"lowerRight":{"x":494.8945336336226,"y":172.95680097409087},"upperLeft":{"x":400.2851538663774,"y":172.75023027590913}},"dockers":[{"x":20.5,"y":20.5},{"x":114.5,"y":43}],"target":{"resourceId":"sid-762F8377-970D-43D1-9C09-BB9437851F55"}},{"resourceId":"sid-2CFB0C32-1ACB-442F-8DA2-346BADFBD065","properties":{"overrideid":"","name":"","documentation":"","conditionsequenceflow":"","executionlisteners":"","defaultflow":"false"},"stencil":{"id":"SequenceFlow"},"childShapes":[],"outgoing":[{"resourceId":"sid-3BFA2E15-445A-4325-A061-0C8C5D224323"}],"bounds":{"lowerRight":{"x":188.921875,"y":172.5},"upperLeft":{"x":130.984375,"y":172.5}},"dockers":[{"x":15,"y":15},{"x":63,"y":44.5}],"target":{"resourceId":"sid-3BFA2E15-445A-4325-A061-0C8C5D224323"}}],"bounds":{"lowerRight":{"x":1200,"y":1050},"upperLeft":{"x":0,"y":0}},"stencilset":{"url":"stencilsets/bpmn2.0/bpmn2.0.json","namespace":"http://b3mn.org/stencilset/bpmn2.0#"},"ssextensions":[]}