<?xml version='1.0' encoding='UTF-8'?>
<definitions xmlns="http://www.omg.org/spec/BPMN/20100524/MODEL" xmlns:xsi="http://www.w3.org/2001/XMLSchema-instance" xmlns:xsd="http://www.w3.org/2001/XMLSchema" xmlns:activiti="http://activiti.org/bpmn" xmlns:bpmndi="http://www.omg.org/spec/BPMN/20100524/DI" xmlns:omgdc="http://www.omg.org/spec/DD/20100524/DC" xmlns:omgdi="http://www.omg.org/spec/DD/20100524/DI" typeLanguage="http://www.w3.org/2001/XMLSchema" expressionLanguage="http://www.w3.org/1999/XPath" targetNamespace="http://www.activiti.org/processdef" xmlns:modeler="http://activiti.com/modeler" modeler:version="1.0en" modeler:exportDateTime="20181018092753855" modeler:modelId="1" modeler:modelVersion="4" modeler:modelLastUpdated="1539778883550">
  <process id="ReviewandApprove" name="Review and Approve" isExecutable="true">
    <documentation>A process that is used to review and approve a contract document.</documentation>
    <startEvent id="startEvent1" activiti:formKey="1001">
      <extensionElements>
        <modeler:form-reference-id><![CDATA[1001]]></modeler:form-reference-id>
        <modeler:form-reference-name><![CDATA[Start Form]]></modeler:form-reference-name>
        <modeler:editor-resource-id><![CDATA[startEvent1]]></modeler:editor-resource-id>
      </extensionElements>
    </startEvent>
    <userTask id="sid-3BFA2E15-445A-4325-A061-0C8C5D224323" name="Set Contract Metadata. Approve or Reject Contract Document." activiti:async="true" activiti:exclusive="false" activiti:assignee="$INITIATOR" activiti:formKey="2">
      <extensionElements>
        <activiti:executionListener event="start" class="com.activiti.runtime.activiti.ContentProcessorExecutionListener">
          <activiti:field name="externalContentHandler">
            <activiti:expression><![CDATA[${externalContentHandler}]]></activiti:expression>
          </activiti:field>
        </activiti:executionListener>
        <modeler:allow-send-email><![CDATA[true]]></modeler:allow-send-email>
        <modeler:form-reference-id><![CDATA[2]]></modeler:form-reference-id>
        <modeler:form-reference-name><![CDATA[Approve Contract Document]]></modeler:form-reference-name>
        <modeler:activiti-idm-initiator><![CDATA[true]]></modeler:activiti-idm-initiator>
        <modeler:editor-resource-id><![CDATA[sid-3BFA2E15-445A-4325-A061-0C8C5D224323]]></modeler:editor-resource-id>
        <modeler:ignore-listener-on-import><![CDATA[com.activiti.runtime.activiti.ContentProcessorExecutionListener]]></modeler:ignore-listener-on-import>
      </extensionElements>
    </userTask>
    <serviceTask id="sid-762F8377-970D-43D1-9C09-BB9437851F55" name="Apply The Contract Type to the Document in ACS, including associated properties" activiti:delegateExpression="${setContractTypeJavaDelegate}">
      <extensionElements>
        <activiti:field name="alfrescoRepoId">
          <activiti:string><![CDATA[1]]></activiti:string>
        </activiti:field>
        <activiti:field name="contractId">
          <activiti:expression><![CDATA[${contractid}]]></activiti:expression>
        </activiti:field>
        <activiti:field name="contractName">
          <activiti:expression><![CDATA[${contractname}]]></activiti:expression>
        </activiti:field>
        <activiti:field name="securityClassification">
          <activiti:expression><![CDATA[${securityclassification}]]></activiti:expression>
        </activiti:field>
        <modeler:editor-resource-id><![CDATA[sid-762F8377-970D-43D1-9C09-BB9437851F55]]></modeler:editor-resource-id>
      </extensionElements>
    </serviceTask>
    <exclusiveGateway id="sid-907BC573-AD62-42B1-A446-886F254FC53B">
      <extensionElements>
        <modeler:editor-resource-id><![CDATA[sid-907BC573-AD62-42B1-A446-886F254FC53B]]></modeler:editor-resource-id>
      </extensionElements>
    </exclusiveGateway>
    <sequenceFlow id="sid-57CC7D6E-B492-4628-AFB9-5C534A084EDA" sourceRef="sid-3BFA2E15-445A-4325-A061-0C8C5D224323" targetRef="sid-907BC573-AD62-42B1-A446-886F254FC53B">
      <extensionElements>
        <modeler:editor-resource-id><![CDATA[sid-57CC7D6E-B492-4628-AFB9-5C534A084EDA]]></modeler:editor-resource-id>
      </extensionElements>
    </sequenceFlow>
    <endEvent id="sid-2C232784-A32B-4F4D-8D84-02FA68FB3B8D">
      <extensionElements>
        <modeler:editor-resource-id><![CDATA[sid-2C232784-A32B-4F4D-8D84-02FA68FB3B8D]]></modeler:editor-resource-id>
      </extensionElements>
    </endEvent>
    <sequenceFlow id="sid-5F8C88D8-F7AF-4061-980E-2AD0AAD79BAD" sourceRef="sid-762F8377-970D-43D1-9C09-BB9437851F55" targetRef="sid-2C232784-A32B-4F4D-8D84-02FA68FB3B8D">
      <extensionElements>
        <modeler:editor-resource-id><![CDATA[sid-5F8C88D8-F7AF-4061-980E-2AD0AAD79BAD]]></modeler:editor-resource-id>
      </extensionElements>
    </sequenceFlow>
    <sequenceFlow id="sid-DAB009BC-9F6D-45C3-A55F-8CB476A6D985" name="Rejected" sourceRef="sid-907BC573-AD62-42B1-A446-886F254FC53B" targetRef="sid-2C232784-A32B-4F4D-8D84-02FA68FB3B8D">
      <extensionElements>
        <modeler:conditionDefinition modeler:index="0" modeler:outcomeFormId="2" modeler:outcomeFormName="Approve Contract Document" modeler:rightOutcomeName="Reject" modeler:operator="=="/>
        <modeler:editor-resource-id><![CDATA[sid-DAB009BC-9F6D-45C3-A55F-8CB476A6D985]]></modeler:editor-resource-id>
      </extensionElements>
      <conditionExpression xsi:type="tFormalExpression"><![CDATA[${(activiti_flowConditionsBean.exists(execution, 'form2outcome') && form2outcome == 'Reject')}]]></conditionExpression>
    </sequenceFlow>
    <sequenceFlow id="sid-025F3633-D251-4C93-B8C9-59B23BA81726" name="Approved" sourceRef="sid-907BC573-AD62-42B1-A446-886F254FC53B" targetRef="sid-762F8377-970D-43D1-9C09-BB9437851F55">
      <extensionElements>
        <modeler:conditionDefinition modeler:index="0" modeler:outcomeFormId="2" modeler:outcomeFormName="Approve Contract Document" modeler:rightOutcomeName="Approve" modeler:operator="=="/>
        <modeler:editor-resource-id><![CDATA[sid-025F3633-D251-4C93-B8C9-59B23BA81726]]></modeler:editor-resource-id>
      </extensionElements>
      <conditionExpression xsi:type="tFormalExpression"><![CDATA[${(activiti_flowConditionsBean.exists(execution, 'form2outcome') && form2outcome == 'Approve')}]]></conditionExpression>
    </sequenceFlow>
    <sequenceFlow id="sid-2CFB0C32-1ACB-442F-8DA2-346BADFBD065" sourceRef="startEvent1" targetRef="sid-3BFA2E15-445A-4325-A061-0C8C5D224323">
      <extensionElements>
        <modeler:editor-resource-id><![CDATA[sid-2CFB0C32-1ACB-442F-8DA2-346BADFBD065]]></modeler:editor-resource-id>
      </extensionElements>
    </sequenceFlow>
  </process>
  <bpmndi:BPMNDiagram id="BPMNDiagram_ReviewandApprove">
    <bpmndi:BPMNPlane bpmnElement="ReviewandApprove" id="BPMNPlane_ReviewandApprove">
      <bpmndi:BPMNShape bpmnElement="startEvent1" id="BPMNShape_startEvent1">
        <omgdc:Bounds height="30.0" width="30.0" x="100.0" y="157.5"/>
      </bpmndi:BPMNShape>
      <bpmndi:BPMNShape bpmnElement="sid-3BFA2E15-445A-4325-A061-0C8C5D224323" id="BPMNShape_sid-3BFA2E15-445A-4325-A061-0C8C5D224323">
        <omgdc:Bounds height="89.0" width="126.0" x="189.0" y="128.0"/>
      </bpmndi:BPMNShape>
      <bpmndi:BPMNShape bpmnElement="sid-762F8377-970D-43D1-9C09-BB9437851F55" id="BPMNShape_sid-762F8377-970D-43D1-9C09-BB9437851F55">
        <omgdc:Bounds height="86.0" width="229.0" x="495.0" y="129.5"/>
      </bpmndi:BPMNShape>
      <bpmndi:BPMNShape bpmnElement="sid-907BC573-AD62-42B1-A446-886F254FC53B" id="BPMNShape_sid-907BC573-AD62-42B1-A446-886F254FC53B">
        <omgdc:Bounds height="40.0" width="40.0" x="360.0" y="152.5"/>
      </bpmndi:BPMNShape>
      <bpmndi:BPMNShape bpmnElement="sid-2C232784-A32B-4F4D-8D84-02FA68FB3B8D" id="BPMNShape_sid-2C232784-A32B-4F4D-8D84-02FA68FB3B8D">
        <omgdc:Bounds height="28.0" width="28.0" x="795.0" y="158.5"/>
      </bpmndi:BPMNShape>
      <bpmndi:BPMNEdge bpmnElement="sid-025F3633-D251-4C93-B8C9-59B23BA81726" id="BPMNEdge_sid-025F3633-D251-4C93-B8C9-59B23BA81726">
        <omgdi:waypoint x="399.54157549234134" y="172.95842450765863"/>
        <omgdi:waypoint x="495.0" y="172.75"/>
      </bpmndi:BPMNEdge>
      <bpmndi:BPMNEdge bpmnElement="sid-2CFB0C32-1ACB-442F-8DA2-346BADFBD065" id="BPMNEdge_sid-2CFB0C32-1ACB-442F-8DA2-346BADFBD065">
        <omgdi:waypoint x="130.0" y="172.5"/>
        <omgdi:waypoint x="189.0" y="172.5"/>
      </bpmndi:BPMNEdge>
      <bpmndi:BPMNEdge bpmnElement="sid-57CC7D6E-B492-4628-AFB9-5C534A084EDA" id="BPMNEdge_sid-57CC7D6E-B492-4628-AFB9-5C534A084EDA">
        <omgdi:waypoint x="315.0" y="172.5"/>
        <omgdi:waypoint x="360.0" y="172.5"/>
      </bpmndi:BPMNEdge>
      <bpmndi:BPMNEdge bpmnElement="sid-DAB009BC-9F6D-45C3-A55F-8CB476A6D985" id="BPMNEdge_sid-DAB009BC-9F6D-45C3-A55F-8CB476A6D985">
        <omgdi:waypoint x="380.5" y="192.0"/>
        <omgdi:waypoint x="380.5" y="251.0"/>
        <omgdi:waypoint x="809.0" y="251.0"/>
        <omgdi:waypoint x="809.0" y="186.5"/>
      </bpmndi:BPMNEdge>
      <bpmndi:BPMNEdge bpmnElement="sid-5F8C88D8-F7AF-4061-980E-2AD0AAD79BAD" id="BPMNEdge_sid-5F8C88D8-F7AF-4061-980E-2AD0AAD79BAD">
        <omgdi:waypoint x="724.0" y="172.5"/>
        <omgdi:waypoint x="795.0" y="172.5"/>
      </bpmndi:BPMNEdge>
    </bpmndi:BPMNPlane>
  </bpmndi:BPMNDiagram>
</definitions>